code,francais,latin,strate
ACM,Achillée millefeuille,Achillea millefolium,LATIFOLIÉS (STRATE 21)
ACP,Actée à gros pédicelles,Actaea pachypoda,LATIFOLIÉS (STRATE 21)
ACR,Actée rouge,Actaea rubra,LATIFOLIÉS (STRATE 21)
ACS,Actées,Actaea sp.,LATIFOLIÉS (STRATE 21)
ADP,Adiante pédalé,Adiantum pedatum,"FOUGÈRES, PRÊLES ET LYCOPODES (STRATE 22)"
ALT,Ail trilobé,Allium tricoccum,LATIFOLIÉS (STRATE 21)
AME,Amélanchiers,Amelanchier sp.,"ESPÈCES NON COM. ET NON ÉRICACÉES (STRATES 30, 33, 34, 35, 40, 50, 60)"
ANC,Anémone du Canada,Anemone canadensis,LATIFOLIÉS (STRATE 21)
ANG,Andromède glauque,Andromeda glaucophylla,"ESPÈCES NON COMMERCIALES ÉRICACÉES (STRATES 30, 34, 40, 50, 60)"
ANM,Anaphale marguerite,Anaphalis margaritacea,LATIFOLIÉS (STRATE 21)
APA,Apocyn à feuilles d'androsème,Apocynum androsaemifolium,LATIFOLIÉS (STRATE 21)
ARA,Ariséma rouge-foncé,Arisaema atrorubens,LATIFOLIÉS (STRATE 21)
ARH,Aralie hispide,Aralia hispida,LATIFOLIÉS (STRATE 21)
ARM,Aronia noir,Aronia melanocarpa (Pyrus melanocarpa),"ESPÈCES NON COM. ET NON ÉRICACÉES (STRATES 30, 33, 34, 35, 40, 50, 60)"
ARN,Aralie à tige nue,Aralia nudicaulis,LATIFOLIÉS (STRATE 21)
ARR,Aralie à grappes,Aralia racemosa,LATIFOLIÉS (STRATE 21)
ARU,Arctostaphyle raisin-d'ours,Arctostaphylos uva-ursi,"ESPÈCES NON COMMERCIALES ÉRICACÉES (STRATES 30, 34, 40, 50, 60)"
ASA,Aster acuminé,Aster acuminatus,LATIFOLIÉS (STRATE 21)
ASC,Asaret du Canada,Asarum canadense,LATIFOLIÉS (STRATE 21)
ASL,Asclépiade commune,Asclepias syriaca,LATIFOLIÉS (STRATE 21)
ASM,Aster à grandes feuilles,Aster macrophyllus,LATIFOLIÉS (STRATE 21)
ASP,Aster ponceau,Aster puniceus,LATIFOLIÉS (STRATE 21)
ASS,Asters,Aster sp.,LATIFOLIÉS (STRATE 21)
ATF,Athyrium fougère-femelle,Athyrium filix-femina,"FOUGÈRES, PRÊLES ET LYCOPODES (STRATE 22)"
ATT,Athyrium fausse thélyptéride,Athyrium thelypteroides,"FOUGÈRES, PRÊLES ET LYCOPODES (STRATE 22)"
AUC,Aulne crispé,Alnus crispa var. mollis,"ESPÈCES NON COM. ET NON ÉRICACÉES (STRATES 30, 33, 34, 35, 40, 50, 60)"
AUR,Aulne rugueux,Alnus rugosa var. americana,"ESPÈCES NON COM. ET NON ÉRICACÉES (STRATES 30, 33, 34, 35, 40, 50, 60)"
BAT,Bazzanie trilobée,Bazzania trilobata,MOUSSES (STRATE 11)
BEG,Bouleau glanduleux,Betula glandulosa,"ESPÈCES NON COM. ET NON ÉRICACÉES (STRATES 30, 33, 34, 35, 40, 50, 60)"
BEP,Bouleau nain,Betula pumila,"ESPÈCES NON COM. ET NON ÉRICACÉES (STRATES 30, 33, 34, 35, 40, 50, 60)"
BOG,Bouleau à feuilles de peuplier (bouleau gris),Betula populifolia,"ESPÈCES COMMERCIALES (STRATES 30, 31, 32, 40, 50, 60)"
BOJ,Bouleau jaune,Betula alleghaniensis (lutea),"ESPÈCES COMMERCIALES (STRATES 30, 31, 32, 40, 50, 60)"
BOP,Bouleau à papier,Betula papyrifera,"ESPÈCES COMMERCIALES (STRATES 30, 31, 32, 40, 50, 60)"
BOV,Botryche de Virginie,Botrychium virginianum,"FOUGÈRES, PRÊLES ET LYCOPODES (STRATE 22)"
CAB,Calypso bulbeux,Calypso bulbosa,LATIFOLIÉS (STRATE 21)
CAC,Caryer cordiforme,Carya cordiformis,"ESPÈCES COMMERCIALES (STRATES 30, 31, 32, 40, 50, 60)"
CAF,Caryer à fruits doux (caryer ovale),Carya ovata,"ESPÈCES COMMERCIALES (STRATES 30, 31, 32, 40, 50, 60)"
CAL,Cassandre caliculé,Cassandra calyculata (Chamaedaphne calyculata),"ESPÈCES NON COMMERCIALES ÉRICACÉES (STRATES 30, 34, 40, 50, 60)"
CAP,Populage des marais,Caltha palustris,LATIFOLIÉS (STRATE 21)
CAR,Charme de Caroline,Carpinus caroliniana,"ESPÈCES NON COM. ET NON ÉRICACÉES (STRATES 30, 33, 34, 35, 40, 50, 60)"
CAT,Caulophylle faux pigamon,Caulophyllum thalictroides,LATIFOLIÉS (STRATE 21)
CAX,"Carex, laîches",Carex sp.,GRAMINOIDES (STRATE 23)
CEO,Micocoulier occidental,Celtis occidentalis,"ESPÈCES NON COM. ET NON ÉRICACÉES (STRATES 30, 33, 34, 35, 40, 50, 60)"
CET,Cerisier tardif,Prunus serotina,"ESPÈCES COMMERCIALES (STRATES 30, 31, 32, 40, 50, 60)"
CHB,Chêne blanc,Quercus alba,"ESPÈCES COMMERCIALES (STRATES 30, 31, 32, 40, 50, 60)"
CHE,Chêne bicolore,Quercus bicolor,"ESPÈCES COMMERCIALES (STRATES 30, 31, 32, 40, 50, 60)"
CHG,Chêne à gros fruits,Quercus macrocarpa,"ESPÈCES COMMERCIALES (STRATES 30, 31, 32, 40, 50, 60)"
CHH,Chiogène hispide,Chiogenes hispidula (Gaultheria hispidula),LATIFOLIÉS (STRATE 21)
CHL,Chrysanthème leucanthème,Chrysantemum leucantemum,LATIFOLIÉS (STRATE 21)
CHR,Chêne rouge,Quercus rubra var. borealis,"ESPÈCES COMMERCIALES (STRATES 30, 31, 32, 40, 50, 60)"
CHU,Chimaphile à ombelles,Chimaphila umbellata var. cisatlantica,LATIFOLIÉS (STRATE 21)
CIA,Circée alpine,Circaea alpina,LATIFOLIÉS (STRATE 21)
CIL,Circée de Lutèce,Circaea lutetiana,LATIFOLIÉS (STRATE 21)
CIS,Chardons,Cirsium sp.,LATIFOLIÉS (STRATE 21)
CLA,Cladines,Cladina sp.,LICHENS (STRATE 13)
CLB,Clintonie boréale,Clintonia borealis,LATIFOLIÉS (STRATE 21)
CLC,Claytonie de Caroline,Claytonia caroliniana,LATIFOLIÉS (STRATE 21)
CLD,Climacie arbustive,Climacium dendroides,MOUSSES (STRATE 11)
CLM,Cladine douce,Cladina mitis,LICHENS (STRATE 13)
CLR,Cladine rangifère,Cladina rangiferina,LICHENS (STRATE 13)
CLS,Cladonies,Cladonia sp.,LICHENS (STRATE 13)
CLT,Cladine étoilée,Cladina stellaris,LICHENS (STRATE 13)
COA,Cornouiller à feuilles alternes,Cornus alternifolia,"ESPÈCES NON COM. ET NON ÉRICACÉES (STRATES 30, 33, 34, 35, 40, 50, 60)"
COC,Noisetier à long bec,Corylus cornuta,"ESPÈCES NON COM. ET NON ÉRICACÉES (STRATES 30, 33, 34, 35, 40, 50, 60)"
COG,Coptide du Groenland,Coptis groenlandica,LATIFOLIÉS (STRATE 21)
COL,Comandre livide,Comandra livida,LATIFOLIÉS (STRATE 21)
COM,Corallorhize maculée,Corallorhiza maculata,LATIFOLIÉS (STRATE 21)
CON,Cornouiller du Canada,Cornus canadensis,LATIFOLIÉS (STRATE 21)
COP,Comptonie voyageuse,Comptonia peregrina,"ESPÈCES NON COM. ET NON ÉRICACÉES (STRATES 30, 33, 34, 35, 40, 50, 60)"
COR,Cornouiller stolonifère,Cornus stolonifera,"ESPÈCES NON COM. ET NON ÉRICACÉES (STRATES 30, 33, 34, 35, 40, 50, 60)"
CRA,Aubépines,Crataegus sp.,"ESPÈCES NON COM. ET NON ÉRICACÉES (STRATES 30, 33, 34, 35, 40, 50, 60)"
CYA,Cypripède acaule,Cypripedium acaule,LATIFOLIÉS (STRATE 21)
CYB,Cystoptéride bulbifère,Cystopteris bulbifera,"FOUGÈRES, PRÊLES ET LYCOPODES (STRATE 22)"
CYC,Cypripède soulier,Cypripedium calceolus,LATIFOLIÉS (STRATE 21)
CYR,Cypripède royal,Cypripedium reginae,LATIFOLIÉS (STRATE 21)
DAR,Dalibarde rampante,Dalibarda repens,LATIFOLIÉS (STRATE 21)
DED,Dentaire à deux feuilles,Dentaria diphylla,LATIFOLIÉS (STRATE 21)
DEP,Dennstaedtia à lobules ponctués,Dennstaedtia punctilobula,"FOUGÈRES, PRÊLES ET LYCOPODES (STRATE 22)"
DIA,Dicentre du Canada,Dicentra canadensis,LATIFOLIÉS (STRATE 21)
DIC,Dicentres,Dicentra sp.,LATIFOLIÉS (STRATE 21)
DIE,Dièréville chèvrefeuille,Diervilla lonicera,"ESPÈCES NON COM. ET NON ÉRICACÉES (STRATES 30, 33, 34, 35, 40, 50, 60)"
DIR,Dirca des marais,Dirca palustris,"ESPÈCES NON COM. ET NON ÉRICACÉES (STRATES 30, 33, 34, 35, 40, 50, 60)"
DIS,Dicranes,Dicranum sp.,MOUSSES (STRATE 11)
DIU,Dicentre à capuchon,Dicentra cucullaria,LATIFOLIÉS (STRATE 21)
DRC,Dryoptéride accrêtée,Dryopteris cristata,"FOUGÈRES, PRÊLES ET LYCOPODES (STRATE 22)"
DRD,Dryoptéride disjointe,Dryopteris disjuncta,"FOUGÈRES, PRÊLES ET LYCOPODES (STRATE 22)"
DRG,Dryoptéride de Goldie,Dryopteris goldiana,"FOUGÈRES, PRÊLES ET LYCOPODES (STRATE 22)"
DRM,Dryoptéride marginale,Dryopteris marginalis,"FOUGÈRES, PRÊLES ET LYCOPODES (STRATE 22)"
DRN,Dryoptéride de New-York,Dryopteris noveboracensis,"FOUGÈRES, PRÊLES ET LYCOPODES (STRATE 22)"
DRO,Rossolis,Drosera sp.,LATIFOLIÉS (STRATE 21)
DRP,Dryoptéride du hêtre,Dryopteris phegopteris,"FOUGÈRES, PRÊLES ET LYCOPODES (STRATE 22)"
DRS,Dryoptéride spinuleuse,Dryopteris spinulosa,"FOUGÈRES, PRÊLES ET LYCOPODES (STRATE 22)"
EMN,Camarine noire,Empetrum nigrum,"ESPÈCES NON COM. ET NON ÉRICACÉES (STRATES 30, 33, 34, 35, 40, 50, 60)"
EPA,Épilobe à feuilles étroites,Epilobium angustifolium,LATIFOLIÉS (STRATE 21)
EPB,Épinette blanche,Picea glauca,"ESPÈCES COMMERCIALES (STRATES 30, 31, 32, 40, 50, 60)"
EPH,Épipactis petit-hellébore,Epipactis helleborine,LATIFOLIÉS (STRATE 21)
EPI,Épigée rampante,Epigaea repens,LATIFOLIÉS (STRATE 21)
EPN,Épinette noire,Picea mariana,"ESPÈCES COMMERCIALES (STRATES 30, 31, 32, 40, 50, 60)"
EPO,Épinette de Norvège,Picea abies,"ESPÈCES COMMERCIALES (STRATES 30, 31, 32, 40, 50, 60)"
EPP,Épilobe palustre,Epilobium palustre,LATIFOLIÉS (STRATE 21)
EPR,Épinette rouge,Picea rubens,"ESPÈCES COMMERCIALES (STRATES 30, 31, 32, 40, 50, 60)"
EPV,Épifage de Virginie,Epifagus virginiana,LATIFOLIÉS (STRATE 21)
EQS,Prêles,Equisetum sp.,"FOUGÈRES, PRÊLES ET LYCOPODES (STRATE 22)"
EQY,Prêle des bois,Equisetum sylvaticum,"FOUGÈRES, PRÊLES ET LYCOPODES (STRATE 22)"
ERA,Érable argenté,Acer saccharinum,"ESPÈCES COMMERCIALES (STRATES 30, 31, 32, 40, 50, 60)"
ERE,Érable à épis,Acer spicatum,"ESPÈCES NON COM. ET NON ÉRICACÉES (STRATES 30, 33, 34, 35, 40, 50, 60)"
ERG,Érable à Giguère (Érable négondo),Acer negundo,"ESPÈCES NON COM. ET NON ÉRICACÉES (STRATES 30, 33, 34, 35, 40, 50, 60)"
ERI,Linaigrettes,Eriophorum sp.,GRAMINOIDES (STRATE 23)
ERN,Érable noir,Acer nigrum,"ESPÈCES COMMERCIALES (STRATES 30, 31, 32, 40, 50, 60)"
ERP,Érable de Pennsylvanie,Acer pensylvanicum,"ESPÈCES NON COM. ET NON ÉRICACÉES (STRATES 30, 33, 34, 35, 40, 50, 60)"
ERR,Érable rouge,Acer rubrum,"ESPÈCES COMMERCIALES (STRATES 30, 31, 32, 40, 50, 60)"
ERS,Érable à sucre,Acer saccharum,"ESPÈCES COMMERCIALES (STRATES 30, 31, 32, 40, 50, 60)"
ERY,Érythrone d'Amérique,Erythronium americanum,LATIFOLIÉS (STRATE 21)
EUM,Eupatoire maculée,Eupatorium maculatum,LATIFOLIÉS (STRATE 21)
EUR,Eupatoire rugueuse,Eupatorium rugosum,LATIFOLIÉS (STRATE 21)
FRA,Frêne d'Amérique,Fraxinus americana,"ESPÈCES COMMERCIALES (STRATES 30, 31, 32, 40, 50, 60)"
FRG,Fraisiers,Fragaria sp.,LATIFOLIÉS (STRATE 21)
FRN,Frêne noir,Fraxinus nigra,"ESPÈCES COMMERCIALES (STRATES 30, 31, 32, 40, 50, 60)"
FRP,Frêne de Pennsylvanie,Fraxinus pensylvanica,"ESPÈCES COMMERCIALES (STRATES 30, 31, 32, 40, 50, 60)"
GAA,Gaillet piquant,Galium asprellum,LATIFOLIÉS (STRATE 21)
GAB,Gaylussaccia à fruits bacciformes,Gaylussacia baccata,"ESPÈCES NON COMMERCIALES ÉRICACÉES (STRATES 30, 34, 40, 50, 60)"
GAL,Gaillet du Labrador,Galium labradoricum,LATIFOLIÉS (STRATE 21)
GAP,Gaulthérie couchée,Gaultheria procumbens,LATIFOLIÉS (STRATE 21)
GAS,Gaillets,Galium sp.,LATIFOLIÉS (STRATE 21)
GAT,Gaillet à trois fleurs,Galium triflorum,LATIFOLIÉS (STRATE 21)
GEM,Benoîte à grandes feuilles,Geum macrophyllum,LATIFOLIÉS (STRATE 21)
GER,Benoîte des ruisseaux,Geum rivale,LATIFOLIÉS (STRATE 21)
GES,Géraniums,Géranium sp.,LATIFOLIÉS (STRATE 21)
GOR,Goodyérie rampante,Goodyera repens,LATIFOLIÉS (STRATE 21)
GOS,Goodyéries,Goodyera sp.,LATIFOLIÉS (STRATE 21)
GRS,"Pâturins, mil, chiendent",Graminées sp.,GRAMINOIDES (STRATE 23)
HAO,Habénaire à feuilles orbiculaires,Habenaria orbiculata,LATIFOLIÉS (STRATE 21)
HAS,Habénaires,Habenaria sp.,LATIFOLIÉS (STRATE 21)
HEA,Hépatique acutilobée,Hepatica acutiloba,LATIFOLIÉS (STRATE 21)
HEG,Hêtre à grandes feuilles,Fagus grandifolia,"ESPÈCES COMMERCIALES (STRATES 30, 31, 32, 40, 50, 60)"
HEM,Berce très grande,Heracleum maximum,LATIFOLIÉS (STRATE 21)
HIS,Épervières,Hieracium sp.,LATIFOLIÉS (STRATE 21)
HYS,Hypne éclatante,Hylocomium splendens,MOUSSES (STRATE 11)
ILV,Houx verticillé,Ilex verticillata,"ESPÈCES NON COM. ET NON ÉRICACÉES (STRATES 30, 33, 34, 35, 40, 50, 60)"
IMC,Impatiente du Cap,Impatiens capensis,LATIFOLIÉS (STRATE 21)
IMS,Impatientes,Impatiens sp.,LATIFOLIÉS (STRATE 21)
IRS,Iris à pétales aigus,Iris setosa,LATIFOLIÉS (STRATE 21)
IRV,Iris versicolore,Iris versicolor,LATIFOLIÉS (STRATE 21)
JUC,Genévrier commun,Juniperus communis,"ESPÈCES NON COM. ET NON ÉRICACÉES (STRATES 30, 33, 34, 35, 40, 50, 60)"
JUH,Genévrier horizontal,Juniperus horizontalis,"ESPÈCES NON COM. ET NON ÉRICACÉES (STRATES 30, 33, 34, 35, 40, 50, 60)"
JUN,Genévriers,Juniperus sp.,"ESPÈCES NON COM. ET NON ÉRICACÉES (STRATES 30, 33, 34, 35, 40, 50, 60)"
JUV,Genévrier de Virginie,Juniperus virginiana,"ESPÈCES NON COM. ET NON ÉRICACÉES (STRATES 30, 33, 34, 35, 40, 50, 60)"
KAA,Kalmia à feuilles étroites,Kalmia angustifolia,"ESPÈCES NON COMMERCIALES ÉRICACÉES (STRATES 30, 34, 40, 50, 60)"
KAP,Kalmia à feuilles d'Andromède,Kalmia polifolia,"ESPÈCES NON COMMERCIALES ÉRICACÉES (STRATES 30, 34, 40, 50, 60)"
LAC,Laportéa du Canada,Laportea canadensis,LATIFOLIÉS (STRATE 21)
LEG,Lédon du Groenland,Ledum groenlandicum,"ESPÈCES NON COMMERCIALES ÉRICACÉES (STRATES 30, 34, 40, 50, 60)"
LIB,Linnée boréale,Linnaea borealis,LATIFOLIÉS (STRATE 21)
LIC,Listère cordée,Listera cordata,LATIFOLIÉS (STRATE 21)
LOH,Chèvrefeuille hirsute,Lonicera hirsuta,"ESPÈCES NON COM. ET NON ÉRICACÉES (STRATES 30, 33, 34, 35, 40, 50, 60)"
LON,Chèvrefeuille du Canada,Lonicera canadensis,"ESPÈCES NON COM. ET NON ÉRICACÉES (STRATES 30, 33, 34, 35, 40, 50, 60)"
LOV,Chèvrefeuille velu,Lonicera villosa,"ESPÈCES NON COM. ET NON ÉRICACÉES (STRATES 30, 33, 34, 35, 40, 50, 60)"
LYA,Lycopode innovant,Lycopodium annotinum,"FOUGÈRES, PRÊLES ET LYCOPODES (STRATE 22)"
LYC,Lycopode claviforme,Lycopodium clavatum,"FOUGÈRES, PRÊLES ET LYCOPODES (STRATE 22)"
LYF,Lycopode en éventail,Lycopodium flabelliforme,"FOUGÈRES, PRÊLES ET LYCOPODES (STRATE 22)"
LYL,Lycopode brillant,Lycopodium lucidulum,"FOUGÈRES, PRÊLES ET LYCOPODES (STRATE 22)"
LYM,Lycope d'Amérique,Lycopus americanus,LATIFOLIÉS (STRATE 21)
LYO,Lycopode foncé,Lycopodium obscurum,"FOUGÈRES, PRÊLES ET LYCOPODES (STRATE 22)"
LYP,Lycopode aplati,Lycopodium complanatum,"FOUGÈRES, PRÊLES ET LYCOPODES (STRATE 22)"
LYT,Lycopode à trois épis,Lycopodium tristachyum,"FOUGÈRES, PRÊLES ET LYCOPODES (STRATE 22)"
LYU,Lycope uniflore,Lycopus uniflorus,LATIFOLIÉS (STRATE 21)
MAC,Maïanthème du Canada,Maianthemum canadense,LATIFOLIÉS (STRATE 21)
MAS,Pommiers,Malus sp.,"ESPÈCES NON COM. ET NON ÉRICACÉES (STRATES 30, 33, 34, 35, 40, 50, 60)"
MAT,Matteuccie fougère-à-l'autruche,Matteuccia struthiopteris (Pteretis pensylvanica),"FOUGÈRES, PRÊLES ET LYCOPODES (STRATE 22)"
MEI,Mélampyre linéaire,Melampyrum lineare,LATIFOLIÉS (STRATE 21)
MEJ,Mélèze japonais,Larix leptolepis,"ESPÈCES COMMERCIALES (STRATES 30, 31, 32, 40, 50, 60)"
MEL,Mélèze laricin,Larix laricina,"ESPÈCES COMMERCIALES (STRATES 30, 31, 32, 40, 50, 60)"
MEP,Mertensia paniculé,Mertensia paniculata,LATIFOLIÉS (STRATE 21)
MEU,Mélèze européen,Larix decidua,"ESPÈCES COMMERCIALES (STRATES 30, 31, 32, 40, 50, 60)"
MEV,Médéole de Virginie,Medeola virginiana,LATIFOLIÉS (STRATE 21)
MID,Mitrelle à deux feuilles,Mitella diphylla,LATIFOLIÉS (STRATE 21)
MIN,Mitrelle nue,Mitella nuda,LATIFOLIÉS (STRATE 21)
MIR,Mitchella rampant,Mitchella repens,LATIFOLIÉS (STRATE 21)
MNP,Mnie ponctuée,Mnium punctatum (groupe punctatum),MOUSSES (STRATE 11)
MNS,Mnies,Mnium sp.,MOUSSES (STRATE 11)
MOH,Monotrope du pin,Monotropa hypopitys,LATIFOLIÉS (STRATE 21)
MON,Monotrope uniflore,Monotropa uniflora,LATIFOLIÉS (STRATE 21)
MOU,Monésès uniflore,Moneses uniflora (Pyrola uniflora),LATIFOLIÉS (STRATE 21)
MYG,Myrique baumier,Myrica gale,"ESPÈCES NON COM. ET NON ÉRICACÉES (STRATES 30, 33, 34, 35, 40, 50, 60)"
NEM,Némopanthe mucroné,Nemopanthus mucronatus,"ESPÈCES NON COM. ET NON ÉRICACÉES (STRATES 30, 33, 34, 35, 40, 50, 60)"
NOC,Noyer cendré,Juglans cinerea,"ESPÈCES COMMERCIALES (STRATES 30, 31, 32, 40, 50, 60)"
ONS,Onoclée sensible,Onoclea sensibilis,"FOUGÈRES, PRÊLES ET LYCOPODES (STRATE 22)"
ORA,Orme d'Amérique,Ulmus americana,"ESPÈCES COMMERCIALES (STRATES 30, 31, 32, 40, 50, 60)"
ORR,Orme rouge,Ulmus rubra,"ESPÈCES COMMERCIALES (STRATES 30, 31, 32, 40, 50, 60)"
ORT,Orme de Thomas,Ulmus thomasii,"ESPÈCES COMMERCIALES (STRATES 30, 31, 32, 40, 50, 60)"
OSC,Osmonde cannelle,Osmunda cinnamomea,"FOUGÈRES, PRÊLES ET LYCOPODES (STRATE 22)"
OSL,Osmorhize de Clayton,Osmorhiza claytoni,LATIFOLIÉS (STRATE 21)
OSR,Osmonde royale,Osmunda regalis,"FOUGÈRES, PRÊLES ET LYCOPODES (STRATE 22)"
OSV,Ostryer de Virginie,Ostrya virginiana,"ESPÈCES COMMERCIALES (STRATES 30, 31, 32, 40, 50, 60)"
OSY,Osmonde de Clayton,Osmunda claytoniana,"FOUGÈRES, PRÊLES ET LYCOPODES (STRATE 22)"
OXM,Oxalide de montagne,Oxalis montana,LATIFOLIÉS (STRATE 21)
OXS,Oxalide dressée,Oxalis stricta,LATIFOLIÉS (STRATE 21)
PAQ,Parthénocisse à cinq folioles,Parthenocissus quinquefolia,"ESPÈCES NON COM. ET NON ÉRICACÉES (STRATES 30, 33, 34, 35, 40, 50, 60)"
PEB,Peuplier baumier,Populus balsamifera,"ESPÈCES COMMERCIALES (STRATES 30, 31, 32, 40, 50, 60)"
PED,Peuplier à feuilles deltoïdes,Populus deltoides,"ESPÈCES COMMERCIALES (STRATES 30, 31, 32, 40, 50, 60)"
PEG,Peuplier à grandes dents,Populus grandidentata,"ESPÈCES COMMERCIALES (STRATES 30, 31, 32, 40, 50, 60)"
PEH,Peupliers hybrides,Populus sp.,"ESPÈCES COMMERCIALES (STRATES 30, 31, 32, 40, 50, 60)"
PES,Pétasite palmé,Petasites palmatus,LATIFOLIÉS (STRATE 21)
PET,Peuplier faux tremble,Populus tremuloides,"ESPÈCES COMMERCIALES (STRATES 30, 31, 32, 40, 50, 60)"
PIB,Pin blanc,Pinus strobus,"ESPÈCES COMMERCIALES (STRATES 30, 31, 32, 40, 50, 60)"
PID,Pin dur (pin rigide),Pinus rigida,"ESPÈCES COMMERCIALES (STRATES 30, 31, 32, 40, 50, 60)"
PIG,Pin gris,Pinus banksiana (divaricata),"ESPÈCES COMMERCIALES (STRATES 30, 31, 32, 40, 50, 60)"
PIR,Pin rouge,Pinus resinosa,"ESPÈCES COMMERCIALES (STRATES 30, 31, 32, 40, 50, 60)"
PIS,Pin sylvestre (ou d'Écosse),Pinus sylvestris,"ESPÈCES COMMERCIALES (STRATES 30, 31, 32, 40, 50, 60)"
PLM,Plantain majeur,Plantago major,LATIFOLIÉS (STRATE 21)
PLS,Hypne de Schreber,Pleurozium schreberi (Calliergon schreberi),MOUSSES (STRATE 11)
POA,Polystic faux acrostic,Polystichum acrostichoides,"FOUGÈRES, PRÊLES ET LYCOPODES (STRATE 22)"
POB,Polystic de Braun,Polystichum braunii,"FOUGÈRES, PRÊLES ET LYCOPODES (STRATE 22)"
POC,Renouée à noeuds ciliés,Polygonum cilinode,LATIFOLIÉS (STRATE 21)
POF,Potentille frutescente,Potentilla fructicosa,LATIFOLIÉS (STRATE 21)
POG,Renouées,Polygonum sp.,LATIFOLIÉS (STRATE 21)
PON,Potentille de Norvège,Potentilla norvegica,LATIFOLIÉS (STRATE 21)
POP,Sceau-de-Salomon pubescent,Polygonatum pubescens,LATIFOLIÉS (STRATE 21)
POS,Polytrics,Polytrichum sp.,MOUSSES (STRATE 11)
POT,Potentille palustre,Potentilla palustris,LATIFOLIÉS (STRATE 21)
POV,Polypode de Virginie,Polypodium virginianum,"FOUGÈRES, PRÊLES ET LYCOPODES (STRATE 22)"
POX,Potentille simple,Potentilla simplex,LATIFOLIÉS (STRATE 21)
PRG,Prunelle vulgaire,Prunella vulgaris,LATIFOLIÉS (STRATE 21)
PRP,Cerisier de Pennsylvanie,Prunus pensylvanica,"ESPÈCES NON COM. ET NON ÉRICACÉES (STRATES 30, 33, 34, 35, 40, 50, 60)"
PRS,Prenanthes,Prenanthes sp.,LATIFOLIÉS (STRATE 21)
PRU,Pruche de l'Est,Tsuga canadensis,"ESPÈCES COMMERCIALES (STRATES 30, 31, 32, 40, 50, 60)"
PRV,Cerisier de Virginie,Prunus virginiana,"ESPÈCES NON COM. ET NON ÉRICACÉES (STRATES 30, 33, 34, 35, 40, 50, 60)"
PTA,Ptéridium des aigles,Pteridium aquilinum var. latiusculum,"FOUGÈRES, PRÊLES ET LYCOPODES (STRATE 22)"
PTC,Hypne cimier,Ptilium crista-castrensis,MOUSSES (STRATE 11)
PTI,Ptilidie ciliée,Ptilidium ciliare,MOUSSES (STRATE 11)
PYA,Pyrole à feuilles d'asaret,Pyrola asarifolia,LATIFOLIÉS (STRATE 21)
PYE,Pyrole elliptique,Pyrola elliptica,LATIFOLIÉS (STRATE 21)
PYR,Pyrole unilatérale,Pyrola secunda,LATIFOLIÉS (STRATE 21)
PYS,Pyroles,Pyrola sp.,LATIFOLIÉS (STRATE 21)
RAA,Renoncule âcre,Ranunculus acris,LATIFOLIÉS (STRATE 21)
RAB,Renoncule abortive,Ranunculus abortivus,LATIFOLIÉS (STRATE 21)
RAS,Renoncules,Ranunculus sp.,LATIFOLIÉS (STRATE 21)
RHA,Nerprun à feuilles d'aulne,Rhamnus alnifolia,"ESPÈCES NON COM. ET NON ÉRICACÉES (STRATES 30, 33, 34, 35, 40, 50, 60)"
RHC,Rhododendron du Canada,Rhododendron canadense,"ESPÈCES NON COM. ET NON ÉRICACÉES (STRATES 30, 33, 34, 35, 40, 50, 60)"
RHM,Nerprun cathartique,Rhamnus cathartica,"ESPÈCES NON COM. ET NON ÉRICACÉES (STRATES 30, 33, 34, 35, 40, 50, 60)"
RHR,Sumac grimpant,Rhus radicans,"ESPÈCES NON COM. ET NON ÉRICACÉES (STRATES 30, 33, 34, 35, 40, 50, 60)"
RHT,Sumac vinaigrier,Rhus typhina,"ESPÈCES NON COM. ET NON ÉRICACÉES (STRATES 30, 33, 34, 35, 40, 50, 60)"
RIA,Gadellier américain,Ribes americanum,"ESPÈCES NON COM. ET NON ÉRICACÉES (STRATES 30, 33, 34, 35, 40, 50, 60)"
RIC,Groseillier des chiens,Ribes cynosbati,"ESPÈCES NON COM. ET NON ÉRICACÉES (STRATES 30, 33, 34, 35, 40, 50, 60)"
RIG,Gadellier glanduleux,Ribes glandulosum,"ESPÈCES NON COM. ET NON ÉRICACÉES (STRATES 30, 33, 34, 35, 40, 50, 60)"
RIH,Groseillier hérissé,Ribes hirtellum,"ESPÈCES NON COM. ET NON ÉRICACÉES (STRATES 30, 33, 34, 35, 40, 50, 60)"
RIL,Gadellier lacustre,Ribes lacustre,"ESPÈCES NON COM. ET NON ÉRICACÉES (STRATES 30, 33, 34, 35, 40, 50, 60)"
RIT,Gadellier amer,Ribes triste,"ESPÈCES NON COM. ET NON ÉRICACÉES (STRATES 30, 33, 34, 35, 40, 50, 60)"
ROA,Rosier aciculaire,Rosa acicularis,"ESPÈCES NON COM. ET NON ÉRICACÉES (STRATES 30, 33, 34, 35, 40, 50, 60)"
RUA,Ronce alléghanienne,Rubus allegheniensis,"ESPÈCES NON COM. ET NON ÉRICACÉES (STRATES 30, 33, 34, 35, 40, 50, 60)"
RUC,Ronce petit-mûrier,Rubus chamaemorus,LATIFOLIÉS (STRATE 21)
RUD,Ronce odorante,Rubus odoratus,"ESPÈCES NON COM. ET NON ÉRICACÉES (STRATES 30, 33, 34, 35, 40, 50, 60)"
RUI,Ronce du mont Ida,Rubus idaeus,"ESPÈCES NON COM. ET NON ÉRICACÉES (STRATES 30, 33, 34, 35, 40, 50, 60)"
RUO,Ronce occidentale,Rubus occidentalis,"ESPÈCES NON COM. ET NON ÉRICACÉES (STRATES 30, 33, 34, 35, 40, 50, 60)"
RUP,Ronce pubescente,Rubus pubescens,LATIFOLIÉS (STRATE 21)
RUX,"Oseilles, rumex",Rumex sp.,LATIFOLIÉS (STRATE 21)
RYT,Hypne triangulaire,Rythidiadelphus triquetrus,MOUSSES (STRATE 11)
SAB,Sapin baumier,Abies balsamea,"ESPÈCES COMMERCIALES (STRATES 30, 31, 32, 40, 50, 60)"
SAC,Sureau du Canada,Sambucus canadensis,"ESPÈCES NON COM. ET NON ÉRICACÉES (STRATES 30, 33, 34, 35, 40, 50, 60)"
SAG,Sanguinaire du Canada,Sanguinaria canadensis,LATIFOLIÉS (STRATE 21)
SAL,Saules,Salix sp.,"ESPÈCES NON COM. ET NON ÉRICACÉES (STRATES 30, 33, 34, 35, 40, 50, 60)"
SAN,Sanguisorbe du Canada,Sanguisorba canadensis,LATIFOLIÉS (STRATE 21)
SAP,Sureau pubescent,Sambucus pubens,"ESPÈCES NON COM. ET NON ÉRICACÉES (STRATES 30, 33, 34, 35, 40, 50, 60)"
SAR,Sarracénie pourpre,Sarracenia purpurea,LATIFOLIÉS (STRATE 21)
SCE,Scutellaire à feuilles d'épilobe,Scutellaria epilobiifolia,LATIFOLIÉS (STRATE 21)
SCL,Scutellaire latériflore,Scutellaria lateriflora,LATIFOLIÉS (STRATE 21)
SEN,Séneçons,Senecio sp.,LATIFOLIÉS (STRATE 21)
SHP,Shepherdie du Canada,Shepherdia canadensis,"ESPÈCES NON COM. ET NON ÉRICACÉES (STRATES 30, 33, 34, 35, 40, 50, 60)"
SMR,Smilacine à grappes,Smilacina racemosa,LATIFOLIÉS (STRATE 21)
SMS,Smilacine étoilée,Smilacina stellata,LATIFOLIÉS (STRATE 21)
SMT,Smilacine trifoliée,Smilacina trifolia,LATIFOLIÉS (STRATE 21)
SOA,Sorbier d'Amérique,Sorbus americana,"ESPÈCES NON COM. ET NON ÉRICACÉES (STRATES 30, 33, 34, 35, 40, 50, 60)"
SOD,Sorbier des montagnes,Sorbus decora,"ESPÈCES NON COM. ET NON ÉRICACÉES (STRATES 30, 33, 34, 35, 40, 50, 60)"
SOF,Verge d'or à tige zigzaguante,Solidago flexicaulis,LATIFOLIÉS (STRATE 21)
SOH,Verge d'or hispide,Solidago hispida,LATIFOLIÉS (STRATE 21)
SOM,Verge d'or à grandes feuilles,Solidago macrophylla,LATIFOLIÉS (STRATE 21)
SON,Laiterons,Sonchus sp.,LATIFOLIÉS (STRATE 21)
SOR,Verge d'or rugueuse,Solidago rugosa,LATIFOLIÉS (STRATE 21)
SOS,Verges d'or,Solidago sp.,LATIFOLIÉS (STRATE 21)
SPF,Sphaigne brune,Sphagnum fuscum,SPHAIGNES (STRATE 12)
SPG,Sphaigne de Girgensohn,Sphagnum girgensohnii,SPHAIGNES (STRATE 12)
SPL,Spirée à larges feuilles,Spiraea latifolia,"ESPÈCES NON COM. ET NON ÉRICACÉES (STRATES 30, 33, 34, 35, 40, 50, 60)"
SPM,Sphaigne de Magellan,Sphagnum magellanicum,SPHAIGNES (STRATE 12)
SPQ,Sphaigne squarreuse,Sphagnum squarrosum,SPHAIGNES (STRATE 12)
SPS,Sphaignes,Sphagnum sp.,SPHAIGNES (STRATE 12)
SPT,Spirée tomenteuse,Spiraea tomentosa,"ESPÈCES NON COM. ET NON ÉRICACÉES (STRATES 30, 33, 34, 35, 40, 50, 60)"
STA,Streptope amplexicaule,Streptopus amplexifolius,LATIFOLIÉS (STRATE 21)
STP,Stéréocaule pascal,Stereocaulon paschale,LICHENS (STRATE 13)
STR,Streptope rose,Streptopus roseus,LATIFOLIÉS (STRATE 21)
STS,Stellaires,Stellaria sp.,LATIFOLIÉS (STRATE 21)
SYF,Symplocarpe fétide,Symplocarpus foetidus,LATIFOLIÉS (STRATE 21)
TAC,If du Canada,Taxus canadensis,"ESPÈCES NON COM. ET NON ÉRICACÉES (STRATES 30, 33, 34, 35, 40, 50, 60)"
TAO,Pissenlit officinal,Taraxacum officinale,LATIFOLIÉS (STRATE 21)
THD,Pigamon dioïque,Thalictrum dioicum,LATIFOLIÉS (STRATE 21)
THO,Thuya occidental,Thuja occidentalis,"ESPÈCES COMMERCIALES (STRATES 30, 31, 32, 40, 50, 60)"
THP,Pigamon pubescent,Thalictrum pubescens (Thalictrum polygamum),LATIFOLIÉS (STRATE 21)
TIC,Tiarelle cordifoliée,Tiarella cordifolia,LATIFOLIÉS (STRATE 21)
TIL,Tilleul d'Amérique,Tilia americana,"ESPÈCES COMMERCIALES (STRATES 30, 31, 32, 40, 50, 60)"
TRB,Trientale boréale,Trientalis borealis,LATIFOLIÉS (STRATE 21)
TRC,Trille penché,Trillium cernuum,LATIFOLIÉS (STRATE 21)
TRE,Trille dressé,Trillium erectum,LATIFOLIÉS (STRATE 21)
TRF,Trèfles,Trifolium sp.,LATIFOLIÉS (STRATE 21)
TRG,Trille grandiflore,Trillium grandiflorum,LATIFOLIÉS (STRATE 21)
TRU,Trille ondulé,Trillium undulatum,LATIFOLIÉS (STRATE 21)
TYL,Typha à feuilles larges,Typha latifolia,LATIFOLIÉS (STRATE 21)
UVG,Uvulaire grandiflore,Uvularia grandiflora,LATIFOLIÉS (STRATE 21)
UVS,Uvulaire à feuilles sessiles,Uvularia sessilifolia,LATIFOLIÉS (STRATE 21)
VAA,Airelle à feuilles étroites,Vaccinium angustifolium,"ESPÈCES NON COMMERCIALES ÉRICACÉES (STRATES 30, 34, 40, 50, 60)"
VAC,Airelle gazonnante,Vaccinium cespitosum,"ESPÈCES NON COMMERCIALES ÉRICACÉES (STRATES 30, 34, 40, 50, 60)"
VAM,Airelle fausse myrtille,Vaccinium myrtilloides,"ESPÈCES NON COMMERCIALES ÉRICACÉES (STRATES 30, 34, 40, 50, 60)"
VAO,Airelle canneberge,Vaccinium oxycoccos,LATIFOLIÉS (STRATE 21)
VAU,Airelle des marécages,Vaccinium uliginosum,"ESPÈCES NON COMMERCIALES ÉRICACÉES (STRATES 30, 34, 40, 50, 60)"
VAV,Airelle vigne-d'Ida,Vaccinium vitis-idaea,LATIFOLIÉS (STRATE 21)
VAY,Airelle en corymbe,Vaccinium corymbosum,"ESPÈCES NON COMMERCIALES ÉRICACÉES (STRATES 30, 34, 40, 50, 60)"
VEI,Vérâtre vert (tabac du diable),Veratrum viride,LATIFOLIÉS (STRATE 21)
VEJ,Vesce jargeau,Vicia cracca,LATIFOLIÉS (STRATE 21)
VEO,Véronique officinale,Veronica officinalis,LATIFOLIÉS (STRATE 21)
VIC,Viorne cassinoïde,Viburnum cassinoides,"ESPÈCES NON COM. ET NON ÉRICACÉES (STRATES 30, 33, 34, 35, 40, 50, 60)"
VIE,Viorne comestible,Viburnum edule,"ESPÈCES NON COM. ET NON ÉRICACÉES (STRATES 30, 33, 34, 35, 40, 50, 60)"
VIL,Viorne à feuilles d'aulne,Viburnum alnifolium,"ESPÈCES NON COM. ET NON ÉRICACÉES (STRATES 30, 33, 34, 35, 40, 50, 60)"
VIN,Violette du Canada,Viola canadensis,LATIFOLIÉS (STRATE 21)
VIP,Violette pâle,Viola pallens,LATIFOLIÉS (STRATE 21)
VIR,Vigne des rivages,Vitis riparia,"ESPÈCES NON COM. ET NON ÉRICACÉES (STRATES 30, 33, 34, 35, 40, 50, 60)"
VIS,Violettes,Viola sp.,LATIFOLIÉS (STRATE 21)
VIT,Viorne trilobée,Viburnum trilobum,"ESPÈCES NON COM. ET NON ÉRICACÉES (STRATES 30, 33, 34, 35, 40, 50, 60)"
VIV,Violette de Pennsylvanie,Viola pensylvanica,LATIFOLIÉS (STRATE 21)
WAF,Waldsteinie faux fraisier,Waldsteinia fragiarioides,LATIFOLIÉS (STRATE 21)
